ID;VAGA;EMPRESA;LOCAL;SALARIO;TIPO;DESCRICAO;LINK_VAGA;LINK_EMPRESA
1;Técnico De Data Center;FSBR SOFTWARE;Recife - PE, a 12,2 km de você.;R$ 1.821,00 (Bruto mensal);Presencial;"['Responsabilidades:\n Controlar e operar o ambiente tecnológico da SEFAZ/PE, incluindo servidores, recursos de rede, sistemas e softwares ambientais;\n Monitorar, detectar e registrar incidentes no ambiente tecnológico;\n Solucionar, ou encaminhar para solução, com base nos Procedimentos Operacionais Padrão (POP), os incidentes monitorados;\n Executar as atividades de salva cópia de segurança (backup) e recuperação de dados (restore);\n Operar e monitorar os recursos de fitoteca do ambiente tecnológico da SEFAZ/PE;\n Operar e monitorar os recursos de impressão do ambiente tecnológico da SEFAZ/PE;\n Apoiar a definição e configuração dos eventos a serem monitorados;\n Validar novas rotinas e sistemas a serem instalados na produção;\n Planejar e controlar o agendamento de execução de rotinas em ferramenta de scheduler;\n Elaborar e manter os jobs das rotinas e sistemas em produção;\n Executar e monitorar as rotinas e sistemas em produção, de acordo com o planejamento, os Procedimentos Operacionais Padrão (POP), e os níveis de serviço estabelecidos;\n Controlar o acesso físico às instalações da área de produção;\n Realizar outras tarefas, não especificadas acima, inerentes à função.\n\nConhecimento Técnico:\n Monitoramento e operação de servidores, rede e sistemas em ambientes críticos;\n Ferramentas de monitoração e registro de incidentes;\n Procedimentos de backup (salva cópia) e recuperação de dados (restore);\n Ferramentas de automação e agendamento de rotinas (scheduler);\n Sistemas operacionais Windows Server e Linux; \n Shell Script ou Phyton;\n Controle e operação de fitoteca e recursos de impressão;\n Operação básica de equipamentos de rede;\n Certificação Linux Profissional.\n\nRequisitos:\n Curso técnico ou superior completo ou em andamento na área de Tecnologia da Informação ou afins, devidamente reconhecido pelo MEC.\n Mínimo de 6 (seis) meses de experiência em ambientes de data center e nas atividades descritas.\n\nBenefícios: Oferecemos benefícios como Vale Alimentação, Auxílio-Creche, Auxílio-Lente e Assistência Médica com Coparticipação para regime CLT. Alocação no cliente, remuneração de 1.821,00, com modelo de trabalho presencial em Recife/PE, em escala 24x7 (turnos de 6 horas).\nNúmero de vagas: 1\nTipo de contrato e Jornada: Efetivo – CLT - Parcial manhãs\nÁrea Profissional: Assistente em Informática, TI, Telecomunicações - Suporte Técnico\nExigências\nEscolaridade Mínima: Curso Técnico\nValorizado\nProgramação: Python\nSistemas Operacionais: Linux\nBenefícios\nAssistência médica\nAuxílio creche\nVale-alimentação\nDenunciar vaga']";https://www.infojobs.com.br/vaga-de-tecnico-data-center-em-pernambuco__10702122.aspx;https://www.infojobs.com.br/empresa-fsbr-software__-7152017.aspx
2;Bolsista Doutor [Engenharia De Computação, Ciência Da Comp., Análise E Desenv. De Sistemas] CIELO;INSTITUTO EUVALDO LODI;Todo Brasil;R$ 7.000,00 (Bruto mensal);Home office;"['Projeto de inovação na empresa CIELO em parceria com Inova Talentos | CNPq.\n\nPré-Requisitos:\n• Título: Doutor\n• Formação: Engenharia de computação; Ciência da computação; Análise e desenvolvimento de sistemas..\n\nAtividades: \n• Desenvolvimento de solução de processamento de imagens baseado em IA (inteligência artificial) com objetivo de classificar terminais de mau uso no processo de triagem de maquininhas de cartão.\n\nConhecimentos Necessários:\n• Experiência com modelos de Machine Learning e Deep Learning (Redes Neurais)\n• Conhecimentos de NLP (Natural Language Processing) transformers, word embeddings e modelagem de tópicos\n• Idiomas: Inglês intermediário\n\nConhecimento Desejáveis:\n• Programação com Python \n• Gen AI: ter trabalhado/aplicado LLMs\n• Agentes de IA: RAG e LangGraph\n• Computação em nuvem: aws (sagemaker, emr, etc)\n\nInformações adicionais:\n• Disponibilidade: 40h semanais\n• Duração: 12 meses\n• Bolsa Auxílio: R$ 7.000,00\n• Atuação: Remota\n\n\n\n\nConheça o INOVA TALENTOS\n\nhttps://vimeo.com/676464243/165a0bf5f5\nhttps://vimeo.com/fabrikafilmes/review/680121344/b5b3c6e91d\n\nFaça parte do Grupo de Vagas no Telegram:\n\nhttps://t.me/+QNFwYQzbCcZhY2Mx\n\n(422949/2025-6)\nNúmero de vagas: 1\nTipo de contrato e Jornada: Temporário - Período Integral\nÁrea Profissional: Assistente em Informática, TI, Telecomunicações - TI\nExigências\nEscolaridade Mínima: Pós-graduação - Doutorado\nDenunciar vaga']";https://www.infojobs.com.br/vaga-de-bolsista-doutor-engenharia-computacao,-ciencia-da-em-__10874091.aspx;https://www.infojobs.com.br/iel
3;SRE Sênior;Grupo Easy;;;Híbrido;"['Responsabilidades Principais \n\n- Suporte e resolução de chamados de 2o e 3o níveis. (análise e direcionamento de causa raiz); \n- Acompanhamento dos ciclos de faturamento (Billing) para garantir entregas (emissão de faturas, entregas fiscais e contábeis etc.); \n- Acompanhamento dos fluxos diários de arrecadação e cobrança para garantir entregas ao negócio. \n- Ajuda o tech lead/Liderança a resolver problemas de confiabilidade e prioriza nas atividades do projeto, dado os desafios de negócio e das necessidades da solução. \n\n Requisitos mínimos \n\n- Sistema Operacional Linux (ex: Debian, Red Hat, etc) modo texto. \n- Criação de scripts em Shell Script ou Powershell \n- Automatização em Terraform | CloudFormation | Pulumi * \n- GIT \n- CI/CD \n- Jenkins ou Gitlab \n- Docker \n- Noções de Kubernetes \n- Cloud Platforms : AWS | AZURE ou GCP \n- Experiência ter trabalhado em times ágeis \n- Estimar prazos e participar planning backlog; \n- Desenvolver soluções com docker e docker-compose para microserviços, APIs,etc.. \n- Automações são eficientes e possuem certo grau de escalabilidade quando necessário (adaptabilidade, performance e confiabilidade). \n- Tem domínio na criação de alertas e métricas essenciais para os sistemas através de ferramentas ou serviços como Splunk, Prometheus, Grafana, Cloud Watch, etc. \n- Suas soluções e aprendizados são compartilhados com o time, a comunidade. \n- Executa e/ou suporta Chaos Engineering através de ferramentas de testes de desempenho, falha, etc. (Ex: Jmeter, P4All) \n\n Requisitos desejáveis: \n\n- Domínio técnico da linguagem de desenvolvimento de soluções, assim como também para Cloud, Segurança e Performance. \n- Constrói automações ou recursos de fácil reuso e manutenção. \n- Identifica causas-raízes, aplica sessões de postmortem diminuindo a complexidade ao lidar com futuros incidentes. \n- Dissemina sua solução técnica, preocupado em torná-la referência principalmente para outros SREs. \n- Implanta diretrizes de confiabilidade em suas soluções e dá apoio técnico para que o time faça o mesmo. \n- Implanta métricas, alertas, para deixar as soluções aderente ao negócio e a experiência do cliente. \n- Automação de deploy contínuo para evitar tarefas repetitivas. \n- Cloud Platform: AWS, Azure ou GCP \n- Orquestração em Kubernetes \n- CI/CD \n- Ferramentas de Observability \n- Ferramentas de deploy contínuo (Terraform, Puppet) \n- Mindset de ""Automatize tudo que for possível"" \n- Infraestrutura de Codigo : Terraform & Cloudformation \n- Linguagem de programação: Java, Kotlin, Go, Python, Ruby ou Rust. \n- Prestação de serviços para empresas do segmento de TELECOM. \n- Espanhol Fluente\nNúmero de vagas: 1\nTipo de contrato e Jornada: Outros - Período Integral\nÁrea Profissional: Especialista em Informática, TI, Telecomunicações - TI\nExigências\nEscolaridade Mínima: Ensino Superior\nDenunciar vaga']";https://www.infojobs.com.br/vaga-de-sre-senior-em-__10507963.aspx;https://www.infojobs.com.br/empresa-grupo-easy__-57056.aspx
4;Bolsista Mestre [Física, Matemática, Computação] ICT Itaú;INSTITUTO EUVALDO LODI;Todo Brasil;Salário a combinar;Home office;"['Projeto de inovação do INSTITUTO ITAÚ DE CIÊNCIA, TECNOLOGIA E INOVAÇÃO\n\nPré-Requisitos:\n• Título: Mestrado\n• Formação: Física, Matemática, Computação e áreas afins\n\nAtividades:\n• Revisão bibliográfica;\n• Aplicação de algoritmos quânticos existentes no contexto de otimização, pensando em melhorias que possam ser feitas nesses algoritmos;\n• Identificação de potenciais aplicações em contextos reais;\n• Exploração e protótipos/simulações (adaptação em contextos de problemas reais);\n• Escrita cientifica em inglês.\n\nConhecimentos Necessários:\n• Conhecimento de algoritmos quânticos\n• Programação orientada a objeto\n• Proficiência em Python\n• Bibliotecas python usadas em ciência de dados\n• Conhecimento e interpretação de dados estatísticos\n• Algoritmos de otimização quantica (QAOA, VQE, HHL, Quantum Walk)\n• Idiomas: Inglês Intermediário a Avançado (leitura e escrita de material técnico)\n\nConhecimento Desejáveis:\n• Desejável conhecimento em Modelos de Machine Learning (SVM, XGBoost, Redes Neurais)\n• Conhecimento sólido em técnicas de Otimização clássica\n• Generative AI\n\nInformações adicionais:\n• Disponibilidade: 40h semanais;\n• Duração: 11 meses;\n• Bolsa Auxílio: R$ 9.000,00\n• Atuação: Home Office \n• Local de empresa: Bairro do Jabaquara, São Paulo.\n\n\n\nConheça o INOVA TALENTOS\n\nhttps://vimeo.com/676464243/165a0bf5f5\nhttps://vimeo.com/fabrikafilmes/review/680121344/b5b3c6e91d\n\nFaça parte do Grupo de Vagas no Telegram:\n\nhttps://t.me/+QNFwYQzbCcZhY2Mx\n\n(1031260965)\nNúmero de vagas: 1\nTipo de contrato e Jornada: Outros - Período Integral\nÁrea Profissional: Assistente em Informática, TI, Telecomunicações - TI\nExigências\nEscolaridade Mínima: Pós-graduação - Mestrado\nDenunciar vaga']";https://www.infojobs.com.br/vaga-de-bolsista-mestre-fisica,-matematica,-computacao-ict-itau-em-__10814776.aspx;https://www.infojobs.com.br/iel
5;Bolsista Mestre [Engenharia Da Computação, Ciência Da Computação, Estatística] CIELO;INSTITUTO EUVALDO LODI;Todo Brasil;Salário a combinar;Home office;"['Projeto de inovação na empresa CIELO em parceria com Inova Talentos | CNPq.\n\nPré-Requisitos:\n• Título: Mestre\n• Formação: Engenharia da Computação, Ciência da Computação, Estatística, ou áreas correlatas.\n\nAtividades: \n• Comunicar e articular ideias complexas de forma clara e colaborativa, interagindo com diferentes níveis da organização;\n• Pensar de forma inovadora para superar desafios e encontrar soluções criativas para problemas operacionais para aprimorar a eficiência e a eficácia dos processos e sistemas;\n• Implementar e desenvolver melhorias de processos e soluções sistêmicas em ambiente SaaS e DevOps, garantindo a excelência operacional e a escalabilidade das soluções implementadas;\n• Manter-se atualizado(a) sobre as últimas tendências e ferramentas em IA generativa aplicadas ao atendimento dos colaboradores, buscando constantemente inovações que possam aprimorar a experiência e a eficácia do suporte oferecido.\n\nConhecimentos Necessários:\n• Conhecimento da plataforma de computação em nuvem Azure e suas principais ferramentas voltadas para IA Generativa;\n• Conhecimento em desenvolvimento e integração de sistemas, demonstrando proficiência em linguagens de programação (Python e C#, .net);\n• Familiaridade com tecnologias disruptivas, como IA Generativa e NLP, e capacidade de integrá-las em novos modelos de negócio;\n• Conhecimento de técnicas para desenvolvimento de aplicações de IA Generativa (ex: Retrieval Augmented Generation);\n• Conhecimento em Plataformas de Atendimento, Chatbot, Experiência do Usuário e uso de dados para medir o sucesso de iniciativas de inovação.\n• Habilidade em automação de processos e desenvolvimento de canais de atendimento, especialmente relacionados à área de Recursos Humanos.\n• Idiomas: Inglês Técnico\n\nConhecimento Desejáveis:\n• Conhecimento em gestão de projetos, metodologias ágeis (Scrum, Kanban) e frameworks de inovação (Lean Startup, Design Thinking) para estruturar processos ágeis e eficientes;\n• Conhecimento em Segurança da Informação, Gestão da Mudança, Compliance e Regulamentações de IA;\n• Familiaridade com padrões de arquiteturas orientadas a serviços;\n• Excelentes habilidades de comunicação, resolução de problemas e trabalho em equipe;\n• Conhecimento em modelos de desenvolvimento de MVPs e prototipagem rápida para testar e validar ideias.\n\nInformações adicionais:\n• Disponibilidade: 40h semanais\n• Duração: 12 meses\n• Bolsa Auxílio: R$ 4.900,00\n• Atuação: Remota\n\n\n\n\nConheça o INOVA TALENTOS\n\nhttps://vimeo.com/676464243/165a0bf5f5\nhttps://vimeo.com/fabrikafilmes/review/680121344/b5b3c6e91d\n\nFaça parte do Grupo de Vagas no Telegram:\n\nhttps://t.me/+QNFwYQzbCcZhY2Mx\nNúmero de vagas: 1\nTipo de contrato e Jornada: Outros - Período Integral\nÁrea Profissional: Assistente em Engenharia - Engenharia Computação, Sistemas\nExigências\nEscolaridade Mínima: Pós-graduação - Mestrado\nDenunciar vaga']";https://www.infojobs.com.br/vaga-de-bolsista-mestre-engenharia-da-computacao,-ciencia-em-__10812826.aspx;https://www.infojobs.com.br/iel
6;Bolsista Doutor [Física, Matemática, Computação] ICT Itaú;INSTITUTO EUVALDO LODI;;Salário a combinar;Home office;"['Projeto de inovação do INSTITUTO ITAÚ DE CIÊNCIA, TECNOLOGIA E INOVAÇÃO\n\nPré-Requisitos:\n• Título: Doutorado\n• Formação: Física, Matemática, Computação e áreas afins\n\nAtividades:\n• Revisão bibliográfica;\n• Aplicação de algoritmos quânticos existentes no contexto de otimização, pensando em melhorias que possam ser feitas nesses algoritmos;\n• Identificação de potenciais aplicações em contextos reais;\n• Exploração e protótipos/simulações (adaptação em contextos de problemas reais);\n• Escrita cientifica em inglês.\n\nConhecimentos Necessários:\n• Conhecimento de algoritmos quânticos\n• Programação orientada a objeto\n• Proficiência em Python\n• Bibliotecas python usadas em ciência de dados\n• Conhecimento e interpretação de dados estatísticos\n• Algoritmos de otimização quantica (QAOA, VQE, HHL, Quantum Walk)\n• Idiomas: Inglês Intermediário a Avançado (leitura e escrita de material técnico)\n\nConhecimento Desejáveis:\n• Desejável conhecimento em Modelos de Machine Learning (SVM, XGBoost, Redes Neurais)\n• Conhecimento sólido em técnicas de Otimização clássica\n• Generative AI\n\nInformações adicionais:\n• Disponibilidade: 40h semanais;\n• Duração: 11 meses;\n• Bolsa Auxílio: R$ 11.000,00\n• Atuação: Home Office \n• Local de empresa: Bairro do Jabaquara, São Paulo.\n\n\n\nConheça o INOVA TALENTOS\n\nhttps://vimeo.com/676464243/165a0bf5f5\nhttps://vimeo.com/fabrikafilmes/review/680121344/b5b3c6e91d\n\nFaça parte do Grupo de Vagas no Telegram:\n\nhttps://t.me/+QNFwYQzbCcZhY2Mx\n\n(1031260965)\nNúmero de vagas: 1\nTipo de contrato e Jornada: Outros - Período Integral\nÁrea Profissional: Trainee em Engenharia - Engenharia Computação, Sistemas\nExigências\nEscolaridade Mínima: Pós-graduação - Doutorado\nValorizado\nEngenharia de computação; Pós-graduação - Doutorado, Ciências da computação; Pós-graduação - Doutorado, Matemática; Pós-graduação - Doutorado, Física; Pós-graduação - Doutorado\nDenunciar vaga']";https://www.infojobs.com.br/vaga-de-bolsista-doutor-fisica,-matematica,-computacao-ict-itau-em-__10805894.aspx;https://www.infojobs.com.br/iel
7;Bolsista Mestre [Engenharia Da Computação, Ciência Da Computação, Contabilidade] CIELO;INSTITUTO EUVALDO LODI;N/A;N/A;N/A;N/A;https://www.infojobs.com.br/vaga-de-bolsista-mestre-engenharia-da-computacao,-ciencia-em-__10791396.aspx;https://www.infojobs.com.br/iel
8;Bolsista Mestre [Engenharia Da Computação, Ciência Da Computação, Contabilidade] CIELO;INSTITUTO EUVALDO LODI;Todo Brasil;R$ 4.200,00 (Bruto mensal);Home office;"['Projeto de inovação na empresa CIELO em parceria com Inova Talentos | CNPq.\n\nPré-Requisitos:\n• Título: Mestre\n• Formação: Engenharia da Computação, Ciência da Computação, Contabilidade ou áreas correlatas.\n\nAtividades: \n• Mapeamento e Redesenho do Processo de Fechamento Contábil;\n• Integração de Dados Multissetoriais; Geração de Insights Estratégicos;\n\nConhecimentos Necessários:\n• Linguagens de programação como Python ou R.\n• Experiência prática com algoritmos de Machine Learning.\n• Conhecimento em automação de processos (RPA).\n• Capacidade de manipulação e integração de grandes volumes de dados (ETL).\n• Entendimento sólido de princípios contábeis e processos de fechamento financeiro.\n• Familiaridade com metodologias ágeis (Scrum, Kanban).\n\nConhecimento Desejáveis:\n• Experiência com projetos de IA aplicados à área contábil ou financeira.\n• Conhecimento em tecnologias emergentes como Blockchain e IA Generativa.\n• Vivência com sistemas ERP (SAP preferencialmente).\n• Certificações em IA, Ciência de Dados ou Contabilidade Digital.\n• Experiência com frameworks como TensorFlow, PyTorch, Scikit-learn.\n• Conhecimento em governança de dados e compliance contábil.\n\nInformações adicionais:\n• Disponibilidade: 40h semanais\n• Duração: 12 meses\n• Bolsa Auxílio: R$ 4.200,00\n• Atuação: Remota\n\n(423765/2025-6)\n\n\nConheça o INOVA TALENTOS\n\nhttps://vimeo.com/676464243/165a0bf5f5\nhttps://vimeo.com/fabrikafilmes/review/680121344/b5b3c6e91d\nNúmero de vagas: 1\nTipo de contrato e Jornada: Outros - Período Integral\nÁrea Profissional: Trainee em Informática, TI, Telecomunicações - TI\nExigências\nEscolaridade Mínima: Pós-graduação - Mestrado\nValorizado\nCiências contábeis; Ensino Superior\nDenunciar vaga']";https://www.infojobs.com.br/vaga-de-bolsista-mestre-engenharia-da-computacao,-ciencia-em-__10791217.aspx;https://www.infojobs.com.br/iel
9;Desenvolvedor Ruby On Rails Pleno;ao³ Tech;N/A;N/A;N/A;N/A;https://www.infojobs.com.br/vaga-de-desenvolvedor-ruby-on-rails-pleno-em-__10789668.aspx;https://www.infojobs.com.br/iob
10;Bolsista Mestre [Física, Matemática, Ciência Da Computação, Engenharia Da Computação] ICT ITAÚ;INSTITUTO EUVALDO LODI;Todo Brasil;Salário a combinar;Home office;"['Projeto de inovação do INSTITUTO ITAÚ DE CIÊNCIA, TECNOLOGIA E INOVAÇÃO em parceria Inova Talentos | IPT\n\nPré-Requisitos:\n• Perfil do bolsista: Mestre - TECH 3\n• Formação: Mestrado\n• Cursos: Ciência da Computação, Estatística, Matemática Aplicada, Engenharia em geral ou áreas correlatas.\n\nAtividades:\n• Revisar normas e frameworks (COSO, COBIT, ITL, PCAOB Standards, etc) utilizados para fornecer diretrizes e garantir a eficácia dos controles SOx e estabelecer uma base teórica sólida para o projeto.\n• Criação de um agente de IA para revisão/definição da disciplina do controle. \n• Mapeamento dos processos, hipóteses de risco e controles atuais, capturando os principais dados disponíveis e identificando alternativas e ferramentas para adequações necessárias a fim de viabilizar as automações.\n• Captura dos dados disponíveis no catálogo do banco, processamento e preparação dos mesmos para análise, desenvolvimento de scripts e algoritmos para o teste automatizado e validação dos resultados junto às áreas de negócio e suporte.\n• Validados os algoritmos, o bolsista deve formalizar a documentação suporte para garantir sua rastreabilidade e reperformance (tracking de auditoria) nas ferramentas internas\n • Identificação e validação de exceções detectadas pelo sistema, diferenciando entre falsos positivos e verdadeiras anomalia,\n• Apoio na definição de planos de ação para mitigar as causas raízes identificadas, em colaboração com as equipes responsáveis\n\nConhecimentos Necessários:\n• Conhecimento avançado nas mais diversas linguagens de programação (detaque para SQL, AWS, Python)\n• Idiomas: Inglês Avançado (leitura e escrita)\n\nConhecimento Desejáveis:\n• Conhecimentos avançados de estatística; \n• Modelos de Machine Learning: \n• Aplicação de algoritmos supervisionados e não supervisionados para identificar padrões e anomalias: \n• Uso de ferramentas como TensorFlow, \n• PyTorch ou bibliotecas mais simples como scikit-learn; \n• Processamento de Linguagem Natural (NLP); \n• Uso de ferramentas como Tableau, \n• Power BI ou bibliotecas Python como matplotlib e seaborn para criar dashboards e relatórios\n\nInformações adicionais:\n• Disponibilidade: 40h semanais;\n• Duração: 10 meses;\n• Bolsa Auxílio: R$ 9.000,00\n• Atuação: Home Office \n• Local de empresa: Bairro do Jabaquara, São Paulo.\n\n\n\nConheça o INOVA TALENTOS\n\nhttps://vimeo.com/676464243/165a0bf5f5\nhttps://vimeo.com/fabrikafilmes/review/680121344/b5b3c6e91d\n\nFaça parte do Grupo de Vagas no Telegram:\n\nhttps://t.me/+QNFwYQzbCcZhY2Mx\n\n1091889820\nNúmero de vagas: 1\nTipo de contrato e Jornada: Outros - Período Integral\nÁrea Profissional: Assistente em Informática, TI, Telecomunicações - TI\nExigências\nEscolaridade Mínima: Pós-graduação - Mestrado\nDenunciar vaga']";https://www.infojobs.com.br/vaga-de-bolsista-mestre-fisica,-matematica,-ciencia-da-em-__10787455.aspx;https://www.infojobs.com.br/iel
11;Bolsista Mestre [Física, Matemática, Ciência Da Computação, Engenharia Da Computação] ICT ITAÚ;INSTITUTO EUVALDO LODI;Todo Brasil;Salário a combinar;Home office;"['Projeto de inovação do INSTITUTO ITAÚ DE CIÊNCIA, TECNOLOGIA E INOVAÇÃO em parceria Inova Talentos | IPT\n\nPré-Requisitos:\n• Perfil do bolsista: Mestre- TECH 3 \n• Formação: Mestrado\n• Cursos: Ciência da Computação, Estatística, Matemática Aplicada, Engenharia em geral ou áreas correlatas.\n\nAtividades:\n• Revisão bibliográfica\n• Estruturação de um desenho de pesquisa;\n• Programação e modelagem acompanhadas de experimentos empíricos, análise comparativa e estudos de resolução de perguntas científica;\n• Documentação de resultados, elaboração e submissão de artigo científico;\n\nConhecimentos Necessários:\n• Programação na linguagem Python;\n• Experiência sólida com modelos de Aprendizado de Máquina, em especial modelos de Reinforcement Learning\n• Experiência com Testes AB (experimentação)\n• Experiência com projetos de pesquisa e escrita científica\n• Idiomas: Inglês Intermediário a Avançado (leitura e escrita)\n\nConhecimento Desejáveis:\n• Pesquisa prévia em Reinforcement Learning\n• Experiência em projetos na esfera da tecnologia, dentro do ramo de Ciência de Dados, de preferência;\n• Conhecimento em Inferência Causal\n\nInformações adicionais:\n• Disponibilidade: 40h semanais;\n• Duração: 12 meses;\n• Bolsa Auxílio: R$ 9.000,00\n• Atuação: Home Office \n\nConheça o INOVA TALENTOS\n\nhttps://vimeo.com/676464243/165a0bf5f5\nhttps://vimeo.com/fabrikafilmes/review/680121344/b5b3c6e91d\n\n( 1075584022)\nNúmero de vagas: 1\nTipo de contrato e Jornada: Outros - Período Integral\nÁrea Profissional: Analista em Contábil, Finanças, Economia - Finanças\nExigências\nEscolaridade Mínima: Pós-graduação - Mestrado\nValorizado\nCiências Exatas; Pós-graduação - Mestrado, Análises de sistemas; Pós-graduação - Mestrado, Banco e finanças; Pós-graduação - Mestrado\nDenunciar vaga']";https://www.infojobs.com.br/vaga-de-bolsista-mestre-fisica,-matematica,-ciencia-da-em-__10697864.aspx;https://www.infojobs.com.br/iel
12;Programador Sênior;EMPREGGA TECNOLOGIA;Todo Brasil;Salário a combinar;Home office;['Sobre nós:\nSomos uma startup em crescimento que desenvolve soluções de crédito para pessoas em situação de vulnerabilidade. Nosso propósito é ampliar o acesso a serviços financeiros de forma justa e inclusiva.\n\n\nO que você vai fazer:\nLiderar a equipe de devs coordenando com os fundadores para desenvolver e manter nossas soluções digitais.\nImplementar e integrar APIs e sistemas de pagamento.\nGarantir segurança da informação e alta confiabilidade da plataforma. Apoiar decisões técnicas e contribuir para evolução do time. Atuar com autonomia e responsabilidade em um ambiente 100% remoto.\nO que buscamos: Proatividade e postura de liderança técnica.\nCapacidade de aprender rápido e resolver problemas complexos.\n\n\nRequisitos obrigatórios:\nExperiência sólida com Next.js, React, TypeScript e bancos de dados SQL.\nConhecimento em integrações de sistemas e APIs.\nInteresse ou experiência em segurança da informação.\nCapacidade de compreensão técnica em inglês e espanhol.\n\n\nDiferenciais:\nExperiência em DevOps.\nConhecimento em Kotlin, Java e Python.\nNúmero de vagas: 1\nTipo de contrato e Jornada: Prestador de Serviços (PJ) - Período Integral\nÁrea Profissional: Especialista em Informática, TI, Telecomunicações - Programador / Desenvolvedor\nExigências\nEscolaridade Mínima: Ensino Superior\nValorizado\nExperiência desejada: Entre 5 e 10 anos\nDenunciar vaga'];https://www.infojobs.com.br/vaga-de-programador-senior-em-__10828904.aspx;https://www.infojobs.com.br/empresa-empregga-tecnologia__-9875.aspx
13;DEV.Analista De Sistemas Pleno - Home Office;mindbe;Todo Brasil;R$ 7.000,00 (Bruto mensal);Home office;['Aqui, as oportunidades são para todos! Queremos que você seja a melhor versão de si e se sinta bem onde estiver. Valorizamos as diferenças e temos um ambiente onde todos são mais que bem-vindos, independente de deficiência, gênero, etnia, orientação sexual, origem, entre outras diversidades, pois entendemos que JUNTOS construímos o nosso jeito de ser.\n\nEstamos em busca de uma pessoa Analista de Sistemas Pleno com experiência sólida na linguagem Python, diferencial já ter trabalhando com desenvolvimento frontend (SSR). O(a) profissional atuará no desenvolvimento do backend de aplicações, com foco em performance, usabilidade e boas práticas de engenharia de software.\n\nVocê fará parte de um time ágil e multidisciplinar, responsável por construir soluções escaláveis e seguras, utilizando FastAPI no backend, Jinja com BulmaCSS no FrontEnd e ChatBot.\nRequisitos:\nPara encarar o desafio, você precisará ter:\n\nExperiência sólida com Python 3.10+ (mínimo 2 anos)\nDomínio de FastAPI para construção de APIs RESTful\nConhecimento em bancos de dados não relacionais\nConhecimento em estruturas e modelos com Pydantic\nExperiência com Jinja2 para renderização de templates\nExperiência com metodologias ágeis, especialmente Scrum\nVersionamento de código com Git aplicado em Github\nConhecimento em Arquitetura Limpa e seus fundamentos\nDiferenciais:\n\nFamiliaridade com serviços da AWS\nExperiência com desenvolvimento de aplicações web (HTML/CSS3)\nConhecimento em BulmaCSS ou outros frameworks CSS modernos\nConhecimento em desenvolvimento de páginas SSR\nExperiência com testes automatizados (Pytest, unittest)\nVivência com pipelines de CI/CD\n\nAcesse o link e se inscreva : https://mindbe.empregare.com/v121226\nNúmero de vagas: 1\nTipo de contrato e Jornada: Prestador de Serviços (PJ) - Período Integral\nÁrea Profissional: Analista em Informática, TI, Telecomunicações - Programador / Desenvolvedor\nExigências\nEscolaridade Mínima: Ensino Superior\nValorizado\nExperiência desejada: Entre 1 e 3 anos\nDenunciar vaga'];https://www.infojobs.com.br/vaga-de-devanalista-sistemas-pleno-home-office-em-__10740705.aspx;https://www.infojobs.com.br/empresa-mindbe__-68482.aspx
14;Bolsista Mestre [Engenharias, Estatística, Matemática, Física, Economia, Ciência De Dados] BRADESCO;INSTITUTO EUVALDO LODI;Osasco - SP, a 2.150,3 km de você.;Salário a combinar;Home office;"['Projeto de inovação do BRADESCO em parceria com Inova Talentos | IPT.\n\nPré-Requisitos:\n• Título: Mestre\n• Formação: Engenharias, Estatística, Matemática, Física, Economia, Ciência de Dados\n\nAtividades: \n• Desenvolvimento de modelos preditivos; \n• Construção de dashboards interativos e mapas de calor; \n• Construção de matriz de trade-offs (risco x retorno); \n• Participar de reuniões estratégicas\n\nConhecimentos Necessários:\n• Conhecimento sólido em análise de dados; \n• Domínio de pelo menos uma linguagem de programação analítica, como Python, SAS ou R; \n• Experiência em ferramentas de visualização de dados, como Power BI, Tableau, etc.\n\n\nConhecimento Desejáveis:\n• Experiência em projetos de risco de crédito; \n• Conhecimentos de machine learning; \n• Familiaridade com métricas de risco (PD, EAD, LGD); Vivência com séries temporais e modelagem econométrica; • Conhecimentos em Finanças\n\nInformações adicionais:\n• Disponibilidade: 40h semanais\n• Duração: 12 meses\n• Bolsa Auxílio: R$ 5.600,00\n• Atuação: remoto (com eventuais encontros na unidade de Osasco-SP ou Curitiba).\n• Local: Cidade de Deus - Osasco, SP\n \n\n\n\n\nConheça o INOVA TALENTOS\n\nhttps://vimeo.com/676464243/165a0bf5f5\nhttps://vimeo.com/fabrikafilmes/review/680121344/b5b3c6e91d\n\nFaça parte do Grupo de Vagas no Telegram:\n\nhttps://t.me/+QNFwYQzbCcZhY2Mx\n\n(1136914617)\nNúmero de vagas: 4\nTipo de contrato e Jornada: Outros - Período Integral\nÁrea Profissional: Assistente em Informática, TI, Telecomunicações - TI\nExigências\nEscolaridade Mínima: Pós-graduação - Mestrado\nDenunciar vaga']";https://www.infojobs.com.br/vaga-de-bolsista-mestre-engenharias,-estatistica,-em-sao-paulo__10889198.aspx;https://www.infojobs.com.br/iel
15;QA Engineer - (Python) -(Engenheiro(A));Inclusiva rh;São Paulo - SP, a 2.144,8 km de você.;R$ 12.000,00 (Bruto mensal);Home office;['QA Engineer - Engenheiro(a) de QA (Garantia da Qualidade)\n\nResponsabilidades:\n\nCriar e executar testes para identificar problemas de software.\n\nAnalisar e descrever bugs e erros encontrados durante os testes.\n\nDocumentar os resultados dos testes para a equipe de desenvolvimento de produto e software.\n\nRecomendar melhorias no software para aprimorar a experiência do usuário.\n\nTrabalhar em conjunto com a engenharia para garantir o comportamento esperado das aplicações.\n\nCriar planos e casos de teste detalhados, abrangentes e bem estruturados.\n\nDesenvolver e aplicar processos de teste para produtos novos e existentes, atendendo às necessidades dos clientes.\n\nColaborar com equipes internas (ex.: desenvolvedores e gerentes de produto) para identificar os requisitos do sistema.\n\nHabilidades Requeridas:\n\nExperiência comprovada de 4 anos em Quality Assurance de software, suporte técnico avançado (nível 2 ou superior) ou função similar.\n\n5 anos de conhecimento em Python.\n\nCompreensão de metodologias, ferramentas e processos de QA de software.\n\nExperiência em elaborar planos e casos de teste claros, concisos e abrangentes.\n\nConhecimento e entendimento de testes de web services, protocolos HTTP e formatos transacionais (JSON).\n\nExperiência com ferramentas relacionadas a API (Postman, Insomnia ou similares).\n\nExperiência prática em testes de caixa branca e caixa preta.\n\nExperiência em processos de desenvolvimento Ágil/Scrum.\n\nAtenção excepcional aos detalhes.\n\nExcelentes habilidades analíticas e de resolução de problemas.\n\nBoa comunicação verbal e escrita.\n\nEspírito de equipe e capacidade de trabalhar eficientemente com supervisão mínima.\n\nFluência em inglês e português.\n\nHabilidades Desejáveis:\n\nExperiência prática com ferramentas de teste automatizado.\n\nConhecimento em linguagens de programação e desenvolvimento de software.\n\nExperiência com tecnologia de web services como XML, REST e SOAP.\n\nExperiência em QA em fluxos DAG (Directed Acyclic Graph) ou aplicativos similares.\n\nHabilidade para consultar bancos de dados relacionais e não relacionais.\n\nExperiência com testes de performance e/ou segurança.\n\nExperiência com Cypress.\n\nO que oferecemos:\n\nRemuneração e benefícios competitivos.\n\nAmbiente de trabalho positivo e estimulante, com cultura baseada em valores de integridade, respeito e colaboração.\n\nEmpresa dinâmica e em rápido crescimento, onde você pode evoluir de acordo com sua visão e curiosidade.\n\n\n\nQA - Python: 12k (PJ) - Home Office\nférias remuneradas\nNúmero de vagas: 1\nTipo de contrato e Jornada: Prestador de Serviços (PJ) - Período Integral\nÁrea Profissional: Especialista em Informática, TI, Telecomunicações - Processamento de Dados\nExigências\nEscolaridade Mínima: Ensino Superior\nValorizado\nExperiência desejada: Entre 3 e 5 anos\nDenunciar vaga'];https://www.infojobs.com.br/vaga-de-qa-engineer-python-engenheiroa-em-sao-paulo__10867879.aspx;https://www.infojobs.com.br/empresa-inclusiva-rh__685484.aspx
16;Tech Lead Full Stack;CYF TECNOLOGIA E SERVICOS LTDA - ME;N/A;N/A;N/A;N/A;https://www.infojobs.com.br/vaga-de-tech-lead-full-stack-em-sao-paulo__10882192.aspx;https://www.infojobs.com.br/empresa-cyf-tecnologia-servicos-ltda-me__359100.aspx
17;Backend Engineer;FERNANDA RODRIGUES DE OLIVEIRA;Nova Santa Rita - RS, a 2.977,8 km de você.;Salário a combinar;Home office;['Principais Responsabilidades\n* Projetar, desenvolver e manter sistemas backend escaláveis e APIs RESTful\n* Colaborar com squads multidisciplinares para definir, implementar e lançar novas funcionalidades\n* Garantir performance, qualidade e escalabilidade das aplicações\n* Diagnosticar e resolver gargalos e bugs em produção\n* Escrever código limpo, testável e bem documentado\n* Participar de code reviews e orientar engenheiros juniores\n* Suportar sistemas em produção e participar de plantões on-call, quando necessário\n\nRequisitos\n? Experiência profissional em desenvolvimento de software\n? Proficiência em Java, Python ou Go\n? Experiência com arquitetura de microserviços e APIs RESTful\n? Sólido conhecimento em estruturas de dados, algoritmos e padrões de projeto\n? Vivência com bancos de dados SQL e NoSQL\n? Experiência com serviços de nuvem (AWS, GCP ou Azure)\n? Inglês avançado (escrito e verbal)\n? Disponibilidade para trabalhar no horário comercial dos EUA\n\nDiferenciais\n? Experiência com ferramentas de IA (OpenAI, TensorFlow, Hugging Face)\n? Conhecimento em pipelines de CI/CD e práticas DevOps\n? Uso de containerização (Docker, Kubernetes)\n? Metodologias ágeis (Scrum, Kanban)\n? Test-Driven Development (TDD)\n? Contribuições em projetos open-source\nNúmero de vagas: 1\nTipo de contrato e Jornada: Prestador de Serviços (PJ) - Período Integral\nÁrea Profissional: Especialista em Informática, TI, Telecomunicações - Programador / Desenvolvedor\nExigências\nEscolaridade Mínima: Ensino Superior\nValorizado\nExperiência desejada: Entre 3 e 5 anos\nInglês (Avançado)\nDenunciar vaga'];https://www.infojobs.com.br/vaga-de-backend-engineer-em-rio-grande-do-sul__10844424.aspx;https://www.infojobs.com.br/empresa-fernanda-rodrigues-oliveira__897447.aspx
18;Team Leader (Líder De Operações);Randstad - Matriz;;Salário a combinar;Home office;"['No Mercado Livre estamos democratizando o comércio e os serviços financeiros para transformar a vida das pessoas na América Latina. Faça parte deste propósito!\n\nNo Mercado Envios administramos o estoque de nossos vendedores e entregamos os produtos aos nossos compradores, melhorando sua experiência em nossa plataforma. Em um mundo em constante evolução, nossa capacidade para entregar rapidamente os produtos que são comprados através do Mercado Livre tornou-se um requisito para competir. Faça parte da equipe que está liderando a logística na América Latina, oferecendo soluções customizadas de classe mundial e integrando carriers locais e regionais, através de um comércio que não reconhece fronteiras.\n\nTemos um desafio para as pessoas que:\n\nVibram energia empreendedora: são movidas pela curiosidade, nunca desistem e estão focadas em superar seus próprios limites.\n\nDão o máximo, porque adoram trabalhar com compromisso e dedicação.\n\nEncaram as mudanças como oportunidades e aprendem com seus erros.\n\nA excelência e a execução são primordiais na sua forma de fazer as coisas.\n\nPromovem o bom clima, alegria e diversão.\n\nSabem como construir com outras pessoas e desfrutam trabalhando em equipe.\n\nImagine você empreendendo projetos desafiadores, dinâmicos e inovadores, e sendo responsável por:\n\nLiderar e monitorar diariamente a operação de transporte, incluindo o planejamento e execução de rotas, bem como o acompanhamento da expedição. Realizar o planejamento dos ciclos de expedição e acompanhar o carregamento das rotas no gemba, em colaboração com transportadores e áreas parceiras.\nGerir o time com zelo, promovendo um ambiente de trabalho positivo e realizando acompanhamento constante do desempenho da equipe, garantindo o cumprimento das políticas de segurança, DDS e a prevenção de acidentes.\nPromover o engajamento e a produtividade dos parceiros, além de garantir o cumprimento dos acordos de nível de serviço estabelecidos.\nAcompanhar indicadores de produtividade e performance, realizando análises para suportar a tomada de decisão. Reportar resultados e oferecer suporte ao time Last Mile em todas as atividades necessárias para a execução.\nExecutar auditorias contínuas dos processos operacionais (Gemba Operacional), propondo planos com ações alinhadas ao Programa de Excelência e garantindo adequações dentro dos prazos estabelecidos.\nGerenciar os processos com foco em segurança, produtividade, qualidade e custo, cultivando um excelente clima de trabalho. Desenvolver projetos de melhoria contínua, pautados em 5S, sustentabilidade e análise de oportunidades para otimizar as operações e aumentar a excelência dos serviços prestados.\nConduzir reuniões com os parceiros, definindo e estruturando ações baseadas em análises detalhadas dos pontos críticos, em colaboração com áreas parceiras e operacionais.\nRequisitos:\n\nTer formação superior completa em Administração de Empresas, Logística, Engenharia ou áreas afins.\nContar com conhecimentos sobre o pacote Office e Google Sheets.\nTer conhecimento sobre tecnologias e ferramentas como TMS, SQL, Tableau, Power BI, Python.\nPossuir experiência em rotinas operacionais em um centro de distribuição, assim como na liderança de pessoas, projetos e processos operacionais.\nNós lhe propomos:\n\nSer parte de uma empresa com espírito empreendedor, na qual adoramos pensar grande e em longo prazo.\n\nSer protagonista de seu desenvolvimento em um ambiente de oportunidades, aprendizagem, crescimento, expansão e projetos desafiadores. \n\nCompartilhar e aprender em equipe, com excelentes profissionais e especialistas.\n\nUm excelente clima de trabalho, com todo o necessário para você viver uma grande experiência. :)\n\nO Mercado Livre não faz contato oferecendo oportunidades em troca de pagamento de dinheiro. Você tem acesso a todas as oportunidades abertas no nosso site de carreiras. Caso receba pedidos de dinheiro, desconfie!\nNúmero de vagas: 5\nTipo de contrato e Jornada: Efetivo – CLT - Período Integral\nÁrea Profissional: Supervisor em Logística - Logística\nExigências\nEscolaridade Mínima: Ensino Superior\nValorizado\nExperiência desejada: Entre 3 e 5 anos\nLogística; Ensino Superior\nHabilitação para dirigir (Categoria A, Categoria B)\nVeículo próprio\nDenunciar vaga']";https://www.infojobs.com.br/vaga-de-team-leader-lider-operacoes-em-sao-paulo__10836349.aspx;https://www.infojobs.com.br/randstad-recursos-humanos
19;Team Leader (Líder De Operações);Randstad - Matriz;São Paulo - SP, a 2.153,3 km de você.;Salário a combinar;Home office;"['No Mercado Livre estamos democratizando o comércio e os serviços financeiros para transformar a vida das pessoas na América Latina. Faça parte deste propósito!\n\nNo Mercado Envios administramos o estoque de nossos vendedores e entregamos os produtos aos nossos compradores, melhorando sua experiência em nossa plataforma. Em um mundo em constante evolução, nossa capacidade para entregar rapidamente os produtos que são comprados através do Mercado Livre tornou-se um requisito para competir. Faça parte da equipe que está liderando a logística na América Latina, oferecendo soluções customizadas de classe mundial e integrando carriers locais e regionais, através de um comércio que não reconhece fronteiras.\n\nTemos um desafio para as pessoas que:\n\nVibram energia empreendedora: são movidas pela curiosidade, nunca desistem e estão focadas em superar seus próprios limites.\n\nDão o máximo, porque adoram trabalhar com compromisso e dedicação.\n\nEncaram as mudanças como oportunidades e aprendem com seus erros.\n\nA excelência e a execução são primordiais na sua forma de fazer as coisas.\n\nPromovem o bom clima, alegria e diversão.\n\nSabem como construir com outras pessoas e desfrutam trabalhando em equipe.\n\nImagine você empreendendo projetos desafiadores, dinâmicos e inovadores, e sendo responsável por:\n\nLiderar e monitorar diariamente a operação de transporte, incluindo o planejamento e execução de rotas, bem como o acompanhamento da expedição. Realizar o planejamento dos ciclos de expedição e acompanhar o carregamento das rotas no gemba, em colaboração com transportadores e áreas parceiras.\nGerir o time com zelo, promovendo um ambiente de trabalho positivo e realizando acompanhamento constante do desempenho da equipe, garantindo o cumprimento das políticas de segurança, DDS e a prevenção de acidentes.\nPromover o engajamento e a produtividade dos parceiros, além de garantir o cumprimento dos acordos de nível de serviço estabelecidos.\nAcompanhar indicadores de produtividade e performance, realizando análises para suportar a tomada de decisão. Reportar resultados e oferecer suporte ao time Last Mile em todas as atividades necessárias para a execução.\nExecutar auditorias contínuas dos processos operacionais (Gemba Operacional), propondo planos com ações alinhadas ao Programa de Excelência e garantindo adequações dentro dos prazos estabelecidos.\nGerenciar os processos com foco em segurança, produtividade, qualidade e custo, cultivando um excelente clima de trabalho. Desenvolver projetos de melhoria contínua, pautados em 5S, sustentabilidade e análise de oportunidades para otimizar as operações e aumentar a excelência dos serviços prestados.\nConduzir reuniões com os parceiros, definindo e estruturando ações baseadas em análises detalhadas dos pontos críticos, em colaboração com áreas parceiras e operacionais.\nRequisitos:\n\nTer formação superior completa em Administração de Empresas, Logística, Engenharia ou áreas afins.\nContar com conhecimentos sobre o pacote Office e Google Sheets.\nTer conhecimento sobre tecnologias e ferramentas como TMS, SQL, Tableau, Power BI, Python.\nPossuir experiência em rotinas operacionais em um centro de distribuição, assim como na liderança de pessoas, projetos e processos operacionais.\nNós lhe propomos:\n\nSer parte de uma empresa com espírito empreendedor, na qual adoramos pensar grande e em longo prazo.\n\nSer protagonista de seu desenvolvimento em um ambiente de oportunidades, aprendizagem, crescimento, expansão e projetos desafiadores. \n\nCompartilhar e aprender em equipe, com excelentes profissionais e especialistas.\n\nUm excelente clima de trabalho, com todo o necessário para você viver uma grande experiência. :)\n\nO Mercado Livre não faz contato oferecendo oportunidades em troca de pagamento de dinheiro. Você tem acesso a todas as oportunidades abertas no nosso site de carreiras. Caso receba pedidos de dinheiro, desconfie!\nNúmero de vagas: 5\nTipo de contrato e Jornada: Efetivo – CLT - Período Integral\nÁrea Profissional: Supervisor em Logística - Logística\nExigências\nEscolaridade Mínima: Ensino Superior\nValorizado\nExperiência desejada: Entre 3 e 5 anos\nLogística; Ensino Superior\nHabilitação para dirigir (Categoria A, Categoria B)\nVeículo próprio\nDenunciar vaga']";https://www.infojobs.com.br/vaga-de-team-leader-lider-operacoes-em-sao-paulo__10836348.aspx;https://www.infojobs.com.br/randstad-recursos-humanos
20;IT QA Test Automation Engineer Mid-Senior;KINGS & QUEENS CONSULTORIA;;Salário a combinar;Home office;['KQ RH, in partnership with a world-leading multinational company, is creating a modern technology center in Brazil, which will serve as the strategic hub to support all the company’s global units. Join this innovative team and help transform the future of technology!\n\nHIGHLIGHTS OF THIS POSITION:\n• Home office\n• English fluency is mandatory\n• Experience with test automation for Back-end and Front-end (Web and Client-Server architectures)\n\nABOUT THE OPPORTUNITY:\nYou will be responsible for designing, executing, and automating test cases to ensure the excellence of developed systems. The role operates in a collaborative environment focused on innovation, quality, and continuous process improvement.\n\nRESPONSIBILITIES:\n• Design and update test cases based on technical requirements\n• Review requirements for completeness, clarity, and correctness\n• Apply test design techniques (e.g., Equivalence Partitioning, Boundary Value Analysis, Decision Tables, State Transition, Use Cases)\n• Select and prioritize test cases for automation and/or regression\n• Execute tests, record results, and document defects with evidence\n• Automate testing processes using approved tools\n• Perform exploratory testing based on internal system knowledge\n• Communicate test results to the Test Lead\n• Produce daily test reports and suggest improvements to QA processes\n\nREQUIREMENTS:\n• Bachelor’s degree completed or in progress in a technology-related field, or equivalent professional experience\n• Experience in test automation for Web and Client-Server applications\n• Knowledge of testing for desktop applications (e.g., Delphi)\n• Experience with test management and defect tracking tools\n• Programming skills (e.g., JavaScript, Python, C#)\n• Understanding of modern development practices such as Agile, DevOps, TDD\n• Analytical mindset, collaborative attitude, and interest in test development and automation\n• Good communication skills and ability to work in a cross-functional team\n\nADDITIONAL INFORMATION:\nLocation: Indaiatuba/SP\nAdvanced and/or fluent English is mandatory, as the role involves working with international teams\nWork model: Home office.\nContract type: CLT (Brazilian labor law employment contract)\n Benefícios:\n -. Vale Transporte\n -. Plano de saúde\n -. Psymeet\n -. Seguro de vida\n -. Bolsa de Estudos de línguas\n -. Wellhub (Gympass)\n -. Vale refeição\n -. Plano Odontológico\nNúmero de vagas: 1\nTipo de contrato e Jornada: Efetivo – CLT - Período Integral\nÁrea Profissional: Especialista em Informática, TI, Telecomunicações - Programador / Desenvolvedor\nExigências\nEscolaridade Mínima: Ensino Superior\nValorizado\nInglês (Nativo)\nDisponibilidade para mudar de residência\nHabilidades\nAutomação de Testes\nC#\nDelphi\nDesign de Testes (Caixa Preta)\nFerramentas de Teste e Gestão\nInglês Avançado\nJavaScript\nJira\nJUnit\nMetodologias Ágeis\nPython\nScrum\nSelenium\nTestes em Aplicações Desktop\nTestes em Back-end e Front-end\nTestRail\nDenunciar vaga'];https://www.infojobs.com.br/vaga-de-it-qa-test-automation-engineer-mid-senior-em-sao-paulo__10745348.aspx;https://www.infojobs.com.br/empresa-kings-queens-consultoria__768800.aspx
21;Bolsista Graduado TECH[ Engenharia De Automação, Ciências Da Computação, Áreas Correlatas] BRASKEM;INSTITUTO EUVALDO LODI;;Salário a combinar;Home office;"['Projeto de Inovação na Braskem Limitada em parceria com IPT.\n\nPré-requisitos:\n• Título: Graduado Tech;\n• Formação: Engenharia de Controle e Automação; Ciência da Computação; Ciências Biológicas, áreas correlatas.\n• Inglês: Técnico\n\nAtividades:\n• Desenvolvimento de aplicações web para integração e análise de grandes volumes de dados experimentais;\n• Administração e gestão da plataforma Benchling (LIMS/ELN) e de seu banco de dados associado;\n• Criação de dashboards interativos e workflows para visualização e interpretação de dados científicos;\n• Desenvolvimento e manutenção de pipelines de bioinformática;\n• Análise e montagem de genomas e transcriptomas.\n\n\nConhecimentos Necessários:\n• Programação em Python;\n• Experiência com as bibliotecas: Flask, Pandas, PyMySQL;\n• Conhecimentos em desenvolvimento web (HTML);\n• Noções de banco de dados relacionais (SQL).\n\nConhecimentos Desejáveis:\n• Familiaridade com a plataforma Benchling\n• Inglês técnico-científico\n• Experiência com desenvolvimento de pipelines de bioinformática utilizando Nextflow\n• Conhecimento básico em técnicas de Machine Learning\n\nInformações adicionais:\n• Disponibilidade: 40H Semanais\n• Duração: 12 meses\n• Bolsa Auxílio: R$5.000,00\n• Atuação: Flex, Campinas - SP.\n\n\nConheça o INOVA TALENTOS\n\nhttps://vimeo.com/676464243/165a0bf5f5\nhttps://vimeo.com/fabrikafilmes/review/680121344/b5b3c6e91d\n\n(902876091)\nNúmero de vagas: 1\nTipo de contrato e Jornada: Outros - Período Integral\nÁrea Profissional: Trainee em Informática, TI, Telecomunicações - TI\nExigências\nEscolaridade Mínima: Ensino Superior\nDenunciar vaga']";https://www.infojobs.com.br/vaga-de-bolsista-graduado-tech-engenharia-automacao,-em-sao-paulo__10709768.aspx;https://www.infojobs.com.br/iel
22;Bolsista Doutor [Engenharia Mecânica, Aeronáutica, Aeroespacial ] EMBRAER;INSTITUTO EUVALDO LODI;São José dos Campos - SP, a 2.057,1 km de você.;R$ 6.300,00 (Bruto mensal);Home office;"['Projeto de inovação da empresa Embraer em parceria com Inova Talentos | IPT\n\nPré-Requisitos:\n• Perfil do bolsista: Doutor 1;\n• Formação: Doutorado;\n• Cursos: Doutor em Eng. Mecânica, Eng. Aeroespacial;\n• Inglês Avançado (Leitura e Escrita).\n\nAtividades:\n• Modelagem numérica e simulação de hélices;\n• Análise e comparação com dados de ensaios em túnel de vento;\n• Análise de erros e propagação de incertezas.\n\nConhecimentos Necessários:\n• Conhecimentos de programação em Python, Matlab;\n• Conhecimentos de CFD em nível de usuário;\n• Familiaridade com conceitos sobre máquinas de fluxo, triângulo de velocidade;\n• Sólidos fundamentos de Termodinâmica e Mecânica dos Fluidos.\n\n• Conhecimento Desejáveis:\n• Conhecimentos de CFD em nível de programação;\n• Familiaridade com modelos de simulação de hélice;\n• Experiência com ensaios de componentes de sistemas propulsivos em túnel vento ou em bancada.\n\nInformações adicionais:\n• Disponibilidade: 40h semanais;\n• Duração: 12 meses;\n• Bolsa Auxílio: R$ 6.300,00\n• Atuação: Remota\n• Local de empresa: São José dos Campos - SP.\n\n\nConheça o INOVA TALENTOS\n\nhttps://vimeo.com/676464243/165a0bf5f5\nhttps://vimeo.com/fabrikafilmes/review/680121344/b5b3c6e91d\n\n\n(1087619190)\nNúmero de vagas: 1\nTipo de contrato e Jornada: Outros - Período Integral\nÁrea Profissional: Trainee em Engenharia - Engenharia Mecânica, Mecatrônica\nExigências\nEscolaridade Mínima: Pós-graduação - Doutorado\nHabilidades\nCFD\nDoutor\nPython\nSimulação de hélice\nDenunciar vaga']";https://www.infojobs.com.br/vaga-de-bolsista-doutor-engenharia-mecanica,-aeronautica,-em-sao-paulo__10663159.aspx;https://www.infojobs.com.br/iel
23;Estágio;Mastera;;;Home office;['Estamos em busca de um(a) estagiário(a) de desenvolvimento curioso(a), disciplinado(a) e hands-on para desenvolvimento de novas features da nossa plataforma, uma solução web que guiará usuários em uma jornada de inovação tecnológica. Você trabalhará em um ambiente predominantemente home office (90%), com encontros presenciais esporádicos, e terá a oportunidade de crescer junto com a startup, com possibilidade de efetivação após o sucesso do projeto. Encorajamos candidaturas de pessoas de todas as idades, especialmente aquelas com maior experiência de vida, que tragam maturidade e dedicação ao time.\nResponsabilidades\nManter e desenvolver novas features no backend da plataforma utilizando Python e suas bibliotecas, garantindo adaptabilidade para integração com frontend, implementar telas e fluxos da jornada do usuário, inicialmente utilizando Streamlit, com códigos prontos para futura conversão em APIs REST.\nManter e projetar bancos de dados para armazenar interações dos usuários, garantindo rastreabilidade e escalabilidade.\nContribuir com ideias para melhorar a experiência do usuário e a eficiência da plataforma.\nManter o código organizado, versionado e documentado, utilizando boas práticas de desenvolvimento.\nRequisitos Mandatórios\nConhecimento avançado em Python e suas bibliotecas para desenvolvimento backend (ex.: Pandas, NumPy, SQLAlchemy, Streamlit).\nHabilidade em desenvolver aplicações web com Streamlit (indispensável).\nPerfil curioso, com pensamento sistemático e processual para resolver problemas complexos.\nOrganização, disciplina, atitude hands-on e perseverança para entregar resultados consistentes.\nDisponibilidade para 30 horas semanais, com flexibilidade para encontros presenciais ocasionais.\nDiferenciais:\nConhecimento em frontend (HTML, CSS, JavaScript) para apoiar na construção de interfaces mais avançadas.\nExperiência com bancos de dados (relacional ou não relacional) e modelagem de dados.\nFamiliaridade com serviços de cloud (ex.: AWS, Google Cloud, Azure) e deploy de aplicações.\nExperiência com controle de versão (Git/GitHub) e metodologias ágeis.\nO que oferecemos:\nContrato de experiência inicial de 30 dias, com perspectiva de continuidade por no mínimo 6 meses, prorrogáveis a 12 meses e visando a efetivação (com o sucesso da plataforma).\nOportunidade de trabalhar diretamente com a Head de Operações, recebendo mentoria e feedback contínuo.\nAmbiente de startup dinâmico e inovador, com liberdade para propor soluções criativas.\nHome office (90%), com flexibilidade e poucos encontros presenciais.\nEnvie seu currículo e uma breve descrição de porque você é a pessoa ideal para construir a nova plataforma para campo Assunto digite: ESTÁGIO. Pode incluir exemplos de projetos em Python/Streamlit ou links para repositórios no GitHub, ou outros. \nJunte-se à nós e ajude a moldar o futuro da inovação tecnológica!\nNúmero de vagas: 1\nTipo de contrato e Jornada: Estágio - Parcial manhãs\nÁrea Profissional: Estagiário em Informática, TI, Telecomunicações - Programador / Desenvolvedor\nExigências\nEscolaridade Mínima: Curso Técnico\nValorizado\nExperiência desejada: Sem experiência\nProgramação: Python\nHabilidades\nPython\nDenunciar vaga'];https://www.infojobs.com.br/vaga-de-estagio-em-sao-paulo__10823407.aspx;https://www.infojobs.com.br/empresa-mastera__901057.aspx
24;Desenvolvedor Backend Pleno (PJ, Sem Dedicação Exclusiva) - Remoto / Home Office;PEDRO J D BORGES SOLUCOES EM TI LTDA;;R$ 3.000,00 (Bruto mensal);Home office;"['Vaga: Desenvolvedor Backend Pleno (Python/FastAPI)\nEm busca de um Desenvolvedor Backend Pleno, atuando no desenvolvimento e manutenção de APIs escaláveis e de alta performance.\n\nSe você é apaixonado por desenvolvimento, gosta de trabalhar em soluções inovadoras e deseja crescer em um ambiente dinâmico, essa vaga é para você!\n\n Responsabilidades\nDesenvolver, manter e evoluir APIs;\n\nGarantir a performance, segurança e escalabilidade dos serviços;\n\nImplementar pipelines de CI/CD para automação de testes e deploys;\n\nRealizar integração com serviços em nuvem (GCP);\n\nTrabalhar no desenvolvimento de ponta a ponta de produtos web/mobile e microsserviços;\n\nMonitorar e otimizar aplicações em produção;\n\n Requisitos Obrigatórios\nExperiência em desenvolvimento backend com Python e FastAPI;\n\nConhecimento em arquitetura de APIs RESTful e boas práticas de design de software;\n\nConhecimento em CI/CD;\n\nExperiência com algum provedor de nuvem (GCP, AWS ou Azure);\n\nFamiliaridade com algum banco de dados NoSQL (Firebase, MongoDB) ou SQL (MySQL, PostgreSQL);\n\nGit e controle de versionamento.\n\nInglês - Básico (Técnico)\n\n Diferenciais\nConhecimento em JavaScript/Node.js;\nConhecimento em React (frontend);\nExperiência com LLMs (Large Language Models) e soluções de IA, como OpenAI, Grok, Gemini, DeepSeek;\n\n Local\nRemoto\n\n Contrato\nPagamento mensal de 3.000,00 pela prestação de serviços;\nContrato PJ/MEI;\nEsta vaga não é de dedicação exclusiva, o desenvolvedor poderá fornecer serviços e trabalhos a outras empresas, se limitando a não compartilhar informações sigilosas referentes ao contrato e à prestação do serviço.\nNúmero de vagas: 1\nTipo de contrato e Jornada: Prestador de Serviços (PJ) - Período Integral\nÁrea Profissional: Analista em Informática, TI, Telecomunicações - Programador / Desenvolvedor\nExigências\nEscolaridade Mínima: Curso extra-curricular / Profissionalizante\nInglês (Básico)\nValorizado\nProgramação: Python\nDenunciar vaga']";https://www.infojobs.com.br/vaga-de-desenvolvedor-backend-pleno-pj,-dedicacao-em-rio-janeiro__10804587.aspx;https://www.infojobs.com.br/empresa-pedro-j-d-borges-solucoes-ti-ltda__899808.aspx
25;Analista De BI Júnior;NHG TECH E SOLUCOES S.A.;N/A;N/A;N/A;N/A;https://www.infojobs.com.br/vaga-de-analista-bi-junior-em-parana__10768458.aspx;https://www.infojobs.com.br/empresa-nhg-tech-solucoes-sa__897491.aspx
26;Analista Júnior - Desenvolvimento De Software - Contrato Temporário - (Home Office);MELIUS;N/A;N/A;N/A;N/A;https://www.infojobs.com.br/vaga-de-analista-junior-desenvolvimento-software-contrato-em-sao-paulo__10741369.aspx;https://www.infojobs.com.br/empresa-melius__476185.aspx
27;Desenvolvedor Web - Foco Em Wordpress;Iodo;São Paulo - SP, a 2.146,5 km de você.;Salário a combinar;Home office;['Responsabilidades:\n\n Desenvolver e manter sites e aplicações web utilizando WordPress.\n Personalizar temas e plugins conforme as necessidades dos clientes.\n Colaborar com a equipe para identificar e resolver problemas técnicos.\n Garantir a qualidade e a responsividade dos projetos desenvolvidos.\n Integrar soluções em Python para automação e outras funcionalidades específicas (desejável).\n\nRequisitos:\n\n Conhecimento básico em HTML, CSS e JavaScript.\n Experiência com PHP, especialmente no contexto do WordPress. \n Familiaridade com a estrutura e funcionamento de temas e plugins do WordPress.\n Experiência com bancos de dados MySQL\n Habilidade para trabalhar com controle de versão, preferencialmente Git.\n Boa comunicação e capacidade de trabalhar em equipe.\n\nHorário:Flexível\n\nFormato de trabalho:Home office, com uma reunião de alinhamento semanal e interações diárias via Slack.\nNúmero de vagas: 1\nTipo de contrato e Jornada: Prestador de Serviços (PJ) - Período Integral\nÁrea Profissional: Especialista em Informática, TI, Telecomunicações - Programador / Desenvolvedor\nExigências\nEscolaridade Mínima: Ensino Superior\nValorizado\nExperiência desejada: Entre 1 e 3 anos\nProgramação: HTML, JavaScript, PHP, jQuery\nDenunciar vaga'];https://www.infojobs.com.br/vaga-de-desenvolvedor-web-foco-wordpress-em-sao-paulo__10442175.aspx;https://www.infojobs.com.br/empresa-iodo__877215.aspx
28;Desenvolvedor Pleno/Sênior;EMPRESA CONFIDENCIAL;São José dos Campos - SP, a 2.067,7 km de você.;Salário a combinar;Home office;"['Missão do Cargo:\n\nGarantir a qualidade e escalabilidade dos sistemas desenvolvidos, utilizando boas práticas de código e arquiteturas robustas. O profissional será responsável por desenvolver, manter e otimizar aplicações backend e frontend, integrando-se a uma equipe ágil e colaborativa.\n\nPrincipais Responsabilidades e Resultados Esperados:\n\nDesenvolvimento e Manutenção de Aplicações:\n • Desenvolver e manter aplicações em C#, Python e Node.js, garantindo alta performance e escalabilidade.\n • Implementar e manter soluções na AWS e Azure, garantindo segurança e disponibilidade dos serviços.\n\nGerenciamento de Bancos de Dados:\n • Trabalhar com bancos de dados relacionais e não relacionais, otimizando queries e melhorando a eficiência do armazenamento de dados.\n\nAdoção de Boas Práticas de Desenvolvimento:\n • Aplicar metodologias de boas práticas para garantir código limpo, reutilizável e eficiente.\n • Contribuir para a melhoria contínua dos processos de desenvolvimento, participando ativamente de code reviews e discussões técnicas.\n\nCompetências Comportamentais:\n • Trabalho em equipe: Colaborar com diferentes áreas da empresa.\n • Proatividade: Sugerir melhorias e resolver problemas de forma autônoma.\n • Comunicação clara e objetiva: Capacidade de discutir soluções técnicas de forma acessível.\n • Organização: Gerenciar demandas e prazos com eficiência.\n • Comprometimento: Garantir a entrega de soluções de qualidade.\n\nCompetências Técnicas Necessárias:\n • C#, Python e Node.js: Domínio no desenvolvimento de aplicações.\n • Bancos de dados relacionais e não relacionais: Experiência em otimização e eficiência no armazenamento de dados.\n • AWS e Azure: Experiência com serviços na nuvem.\n • Arquitetura de Software e Boas Práticas: Conhecimento em padrões de design e desenvolvimento escalável.\n\nDiferenciais:\n • Experiência com microsserviços e arquitetura orientada a eventos.\n • Conhecimento avançado em DevOps e automação de infraestrutura.\n • Certificações em AWS ou Azure.\n • Experiência com desenvolvimento seguro e práticas de segurança da informação.\n Benefícios:\n -. Vale Refeição (R$27,00 p/ dia)\n -. Acesso a Universidade Divergente após 3 meses\n -. Café da manhã diariamente no escritório.\n -. Day Off\n -. Gympass\nNúmero de vagas: 1\nTipo de contrato e Jornada: Prestador de Serviços (PJ) - Período Integral\nÁrea Profissional: Analista em Informática, TI, Telecomunicações - Programador / Desenvolvedor\nExigências\nEscolaridade Mínima: Ensino Superior\nValorizado\nExperiência desejada: Entre 1 e 3 anos\nTecnologia da Informação; Ensino Superior\nHabilidades\ncomunicação\nempatia\norganização\nresolução de problemas\ntrabalho em equipe\nDenunciar vaga']";https://www.infojobs.com.br/vaga-de-desenvolvedor-plenosenior-em-sao-paulo__10339917.aspx;N/A
29;Desenvolvedor Back End - Remoto;Iara Health;Florianópolis - SC, a 2.611,3 km de você.;R$ 7.000,00 a R$ 15.000,00 (Bruto mensal);Home office;['Estamos em busca de um Desenvolvedor Back-end Sênior talentoso e apaixonado por tecnologia para se juntar à nossa equipe e nos ajudar a continuar revolucionando a saúde com soluções inovadoras.\n \nSua Missão:\nComo Desenvolvedor Back-end Sênior, você será peça fundamental no desenvolvimento, manutenção e evolução das nossas soluções de software, com foco especial em nossa API principal, plataformas de back-end e infraestrutura em nuvem. Você terá a oportunidade de trabalhar com um stack tecnológico diversificado e contribuir ativamente para projetos que impactam diretamente a eficiência e a qualidade do trabalho na área da saúde.\n \nSuas Principais Atribuições:\n Liderar o desenvolvimento e a manutenção de interface de serviços (Python, Django, MySQL, Docker, GCP, MongoDB).\nProjetar, construir, otimizar e manter nossas soluções de back-end (Python, Django, MySQL, Docker, GCP, MongoDB).\nGerenciar, otimizar e escalar nossa infraestrutura na Google Cloud Platform (GCP), incluindo serviços como Compute Engine, Cloud SQL e Cloud Run.\nDesenvolver e manter soluções em Node.js, Electron, GCP, Github Actions.\nColaborar no desenvolvimento e integração do nosso sistema de agendamento e gestão (Django, MySQL, Docker, GCP).\nTrabalhar com bancos de dados relacionais (MySQL, PostgreSQL) e NoSQL (MongoDB), garantindo a integridade, performance e segurança dos dados.\nImplementar e gerenciar containers Docker, assegurando a portabilidade e escalabilidade das aplicações.\nColaborar com equipes multidisciplinares (front-end, produto, IA) no desenvolvimento de novas funcionalidades e na integração de sistemas complexos.\nGarantir a escalabilidade, performance, resiliência e segurança das nossas aplicações e infraestrutura.\nParticipar ativamente na definição de arquiteturas de software, boas práticas de desenvolvimento e na escolha de novas tecnologias.\nContribuir para a evolução contínua dos nossos processos de CI/CD (Github Actions).\nAtuar como referência técnica, compartilhando conhecimento e apoiando o desenvolvimento de outros membros da equipe.\n \nO que Buscamos (Requisitos Essenciais):\nSólida experiência profissional como Desenvolvedor Back-end.\nProficiência em Python e no framework Django.\nExperiência comprovada com bancos de dados relacionais como MySQL e/ou PostgreSQL.\nExperiência com bancos de dados NoSQL, especialmente MongoDB.\nDomínio de Docker e conceitos de containerização.\nExperiência prática com a Google Cloud Platform (GCP), incluindo serviços como Compute Engine, Cloud SQL, Cloud Run, entre\nNúmero de vagas: 2\nTipo de contrato e Jornada: Prestador de Serviços (PJ) - Período Integral\nÁrea Profissional: Especialista em Informática, TI, Telecomunicações - Programador / Desenvolvedor\nExigências\nEscolaridade Mínima: Ensino Superior\nValorizado\nExperiência desejada: Entre 5 e 10 anos\nBanco de dados: SQL Server\nProgramação: JavaScript, Python\nHabilidades\ndjango\nMySQL\nPython\nBenefícios\nBônus por resultado\nDenunciar vaga'];https://www.infojobs.com.br/vaga-de-desenvolvedor-back-end-remoto-em-santa-catarina__10637102.aspx;https://www.infojobs.com.br/empresa-iara-health__889538.aspx
